code,coname,house,analyst,carm,yy,mm,dd,title
39340,한국경제TV,KDB대우증권,변승재,0.0360335542,2010.0,12.0,2.0,한국경제TV
2550,KB손해보험,이트레이드증권,이치영,0.0722944436,2011.0,10.0,12.0,LIG손해보험
2550,KB손해보험,KB투자증권,유승창,0.0368366632,2013.0,11.0,1.0,LIG손해보험
2550,KB손해보험,우리투자증권,한승희,0.0224766772,2013.0,6.0,4.0,LIG손해보험
2550,KB손해보험,NH농협증권,김태현,0.0287206842,2014.0,1.0,2.0,LIG손해보험
2550,KB손해보험,우리투자증권,한승희,0.0399344553,2014.0,4.0,1.0,LIG손해보험
2550,KB손해보험,하이투자증권,유상호,-0.027667496,2014.0,11.0,26.0,LIG손해보험
2550,KB손해보험,NH투자증권,한승희,-0.02325468,2015.0,4.0,1.0,LIG손해보험
2550,KB손해보험,NH투자증권,한승희,0.0379427061,2015.0,8.0,3.0,KB손해보험
370,한화손해보험,메리츠종금증권,김고은,0.0120360794,2017.0,1.0,18.0,한화손해보험
370,한화손해보험,메리츠종금증권,김고은,-0.048141513,2017.0,10.0,16.0,한화손해보험
2550,KB손해보험,메리츠종금증권,김고은,0.0338360794,2017.0,1.0,18.0,KB손해보험
2550,KB손해보험,유안타증권,정준섭,-0.004039407,2017.0,1.0,31.0,KB손해보험
370,한화손해보험,메리츠종금증권,김고은,0.0012484432,2018.0,1.0,22.0,한화손해보험
5830,DB손해보험,메리츠종금증권,김고은,-0.014551557,2018.0,1.0,22.0,DB손해보험
370,한화손해보험,유안타증권,정준섭,0.0012484432,2018.0,1.0,22.0,한화손해보헙
5830,DB손해보험,유안타증권,정준섭,-0.014551557,2018.0,1.0,22.0,DB손해보험
2300,한국제지,HMC투자증권,이주병,-0.104084178,2009.0,4.0,10.0,한국제지
830,삼성물산,대신증권,정연우,0.0113982402,2009.0,1.0,8.0,삼성물산
32390,KTF,대신증권,이동섭,0.0364982402,2009.0,1.0,8.0,KTF
660,SK하이닉스,동양증권,김현중,0.1874127555,2009.0,3.0,30.0,하이닉스
660,SK하이닉스,동양증권,김현중,0.008980562,2009.0,11.0,23.0,반도체/장비
810,삼성화재,동양증권,최종원,-0.005504342,2009.0,3.0,2.0,삼성화재
1800,오리온홀딩스,동양증권,지기창,0.0459127555,2009.0,3.0,30.0,오리온
5380,현대차,동양증권,강상민,0.0925127555,2009.0,3.0,30.0,현대차
5830,DB손해보험,동양증권,최종원,0.0224076957,2009.0,4.0,27.0,동부화재
5930,삼성전자,동양증권,김현중,0.0297956578,2009.0,3.0,2.0,삼성전자
5930,삼성전자,동양증권,김현중,-0.006219438,2009.0,11.0,23.0,삼성전자
5930,삼성전자,동양증권,김현중,-0.006219438,2009.0,11.0,23.0,삼성전자
9150,삼성전기,동양증권,최현재,-0.004619438,2009.0,11.0,23.0,삼성전기
9270,신원,동양증권,한상화,0.028180562,2009.0,11.0,23.0,유통/의복
9970,영원무역홀딩스,동양증권,한상화,0.0495956578,2009.0,3.0,2.0,영원무역
15760,한국전력,동양증권,이재원,-0.058487244,2009.0,3.0,30.0,한국전력
15940,LG데이콤,동양증권,최남곤,-0.031787244,2009.0,3.0,30.0,LG데이콤
15940,LG데이콤,동양증권,최남곤,-0.037061709,2009.0,10.0,21.0,LG데이콤
23590,다우기술,동양증권,이창영,0.013880562,2009.0,11.0,23.0,인터넷
28150,GS홈쇼핑,동양증권,한상화,-0.005619438,2009.0,11.0,23.0,유통/의복
29530,신도리코,동양증권,김현중,-0.015319438,2009.0,11.0,23.0,반도체/장비
35760,CJ ENM,동양증권,한상화,-0.025287244,2009.0,3.0,30.0,CJ홈쇼핑
36830,솔브레인,동양증권,우준식,0.1367127555,2009.0,3.0,30.0,테크노세미켐
36930,주성엔지니어링,동양증권,김현중,0.131680562,2009.0,11.0,23.0,반도체/장비
39230,에이아이비트,동양증권,김현중,-0.085019438,2009.0,11.0,23.0,반도체/장비
45380,더존디지털,동양증권,이창영,-0.005219438,2009.0,11.0,23.0,인터넷
49070,인탑스,동양증권,최현재,0.018080562,2009.0,11.0,23.0,통신장비
54800,아이디스홀딩스,동양증권,최현재,-0.016919438,2009.0,11.0,23.0,통신장비
60720,KH바텍,동양증권,최현재,-0.050519438,2009.0,11.0,23.0,통신장비
66570,LG전자,동양증권,최현재,0.0052127555,2009.0,3.0,30.0,LG전자
82850,우리바이오,동양증권,우준식,-0.031965275,2009.0,3.0,26.0,우리이티아이
30210,KTB투자증권,미래에셋증권,이창욱,0.0025063539,2009.0,3.0,5.0,KTB투자증권
2020,코오롱,부국증권,최상도,0.0624757915,2009.0,3.0,27.0,코오롱
12330,현대모비스,부국증권,안종훈,0.0264629507,2009.0,2.0,26.0,현대모비스
16990,LG마이크론,부국증권,장인범,0.0374757915,2009.0,3.0,27.0,LG마이크론
30000,제일기획,부국증권,김성훈,0.0043558045,2009.0,7.0,30.0,제일기획
56190,에스에프에이,부국증권,장인범,-0.097637049,2009.0,2.0,26.0,에스에프에이
69260,휴켐스,부국증권,최상도,0.0058273915,2009.0,10.0,30.0,휴켐스
79160,CJ CGV,부국증권,김성훈,-0.027824208,2009.0,3.0,27.0,CJ CGV
82210,옵트론텍,부국증권,이형석,0.0338651695,2009.0,9.0,30.0,옵트론텍
39490,키움증권,삼성증권,장효선,0.0357765066,2009.0,5.0,19.0,증권
90430,아모레퍼시픽,유진투자증권,유정민,-0.083904659,2009.0,4.0,3.0,아모레퍼시픽
12330,현대모비스,토러스투자증권,채희근,0.029780562,2009.0,11.0,23.0,현대모비스
5380,현대차,현대증권,조수홍,-0.062031431,2009.0,3.0,19.0,현대차
12330,현대모비스,현대증권,조수홍,-0.013231431,2009.0,3.0,19.0,현대모비스
33780,KT&G,현대증권,정성훈,-0.045807665,2009.0,5.0,20.0,KT&G
35250,강원랜드,현대증권,한익희,-0.063331431,2009.0,3.0,19.0,강원랜드
35420,NAVER,현대증권,이시훈,0.0491685688,2009.0,3.0,19.0,NHN
57030,YBM넷,현대증권,김혜림,-0.012831431,2009.0,3.0,19.0,YBM시사닷컴
65690,파커스,흥국증권,오인범,0.2567343136,2009.0,3.0,9.0,대진디엠피
1450,현대해상,KDB대우증권,정길원,-0.059566446,2010.0,12.0,2.0,현대해상
2300,한국제지,KDB대우증권,유정현,-0.096266446,2010.0,12.0,2.0,한국제지
5940,NH투자증권,KDB대우증권,정길원,-0.028966446,2010.0,12.0,2.0,우리투자증권/삼성증권
30000,제일기획,KDB대우증권,변승재,0.0011335542,2010.0,12.0,2.0,제일기획
37710,광주신세계,KDB대우증권,김민아,-0.026566446,2010.0,12.0,2.0,광주신세계
47040,대우건설,KDB대우증권,송흥익,0.0182335542,2010.0,12.0,2.0,대우건설
84370,유진테크,KDB대우증권,송종호,0.0588335542,2010.0,12.0,2.0,유진테크/심텍
95720,웅진씽크빅,KDB대우증권,유정현,-0.139366446,2010.0,12.0,2.0,웅진씽크빅
660,SK하이닉스,[구]푸르덴셜투자증권,박현,0.0444539793,2010.0,3.0,22.0,하이닉스
36830,솔브레인,[구]푸르덴셜투자증권,박현,-0.010497661,2010.0,2.0,8.0,테크노세미켐
270,기아차,동양증권,안상준,0.0370177552,2010.0,3.0,2.0,기아차
1210,금호전기,동양증권,이승진,-0.050718773,2010.0,8.0,30.0,디스플레이
1230,동국제강,동양증권,박기현,-0.027582245,2010.0,3.0,2.0,철강 / 비철금속
1300,제일모직,동양증권,황규원,0.0478812268,2010.0,8.0,30.0,화학/에너지
1430,세아베스틸,동양증권,박기현,-0.004382245,2010.0,3.0,2.0,철강 / 비철금속
4020,현대제철,동양증권,박기현,-0.006482245,2010.0,3.0,2.0,철강 / 비철금속
4800,효성,동양증권,황규원,0.1024812268,2010.0,8.0,30.0,화학/에너지
8000,도레이케미칼,동양증권,황규원,0.0237812268,2010.0,8.0,30.0,화학/에너지
9540,한국조선해양,동양증권,이재원,-0.019482245,2010.0,3.0,2.0,현대중공업
10130,고려아연,동양증권,박기현,0.0183177552,2010.0,3.0,2.0,철강 / 비철금속
10520,현대하이스코,동양증권,박기현,0.0068177552,2010.0,3.0,2.0,철강 / 비철금속
16380,동부제철,동양증권,박기현,0.0000177552,2010.0,3.0,2.0,철강 / 비철금속
23590,다우기술,동양증권,이창영,0.0136812268,2010.0,8.0,30.0,인터넷
25850,한화화인케미칼,동양증권,황규원,-0.022918773,2010.0,8.0,30.0,화학/에너지
29460,케이씨,동양증권,이승진,-0.033618773,2010.0,8.0,30.0,디스플레이
30200,KT,동양증권,최남곤,-0.012882245,2010.0,3.0,2.0,KT
32640,LG유플러스,동양증권,최남곤,-0.048618773,2010.0,8.0,30.0,통신서비스
34220,LG디스플레이,동양증권,이승진,-0.026018773,2010.0,8.0,30.0,디스플레이
36490,SK머티리얼즈,동양증권,이승진,-0.031218773,2010.0,8.0,30.0,디스플레이
37150,CJ인터넷,동양증권,이창영,0.0055812268,2010.0,8.0,30.0,인터넷
48260,오스템임플란트,동양증권,오승규,0.0421754267,2010.0,7.0,5.0,오스템임플란트
51910,LG화학,동양증권,황규원,0.0116812268,2010.0,8.0,30.0,화학/에너지
53280,예스24,동양증권,이창영,0.0468812268,2010.0,8.0,30.0,인터넷
62860,티엘아이,동양증권,이승진,-0.047918773,2010.0,8.0,30.0,디스플레이
65680,우주일렉트로,동양증권,이승진,0.0155812268,2010.0,8.0,30.0,디스플레이
82850,우리바이오,동양증권,이승진,0.0036812268,2010.0,8.0,30.0,디스플레이
93050,LF,동양증권,한상화,-0.063682245,2010.0,3.0,2.0,LG패션
5280,부산은행,리딩투자증권,김호영,0.0470666465,2010.0,9.0,27.0,"부산은행,경남은행"
78930,GS,메리츠종금증권,최지혜,-0.028299068,2010.0,10.0,18.0,GS
880,한화,부국증권,최상도,-0.016970098,2010.0,3.0,30.0,한화
12450,한화에어로스페이스,부국증권,장인범,-0.045024573,2010.0,7.0,5.0,삼성테크윈
65680,우주일렉트로,부국증권,이형석,0.0118223378,2010.0,7.0,30.0,우주일렉트로
72870,메가스터디,부국증권,김성훈,0.0846223378,2010.0,7.0,30.0,메가스터디
81580,성우전자,부국증권,이형석,-0.025024573,2010.0,7.0,5.0,성우전자
95720,웅진씽크빅,부국증권,김성훈,0.0412754267,2010.0,7.0,5.0,웅진씽크빅
11170,롯데케미칼,삼성증권,박정아,0.0694176464,2010.0,11.0,30.0,호남석유화학
33780,KT&G,이트레이드증권,조기영,-0.037590215,2010.0,11.0,22.0,KT&G
720,현대건설,토러스투자증권,이경자,-0.07603785,2010.0,3.0,29.0,현대건설
15760,한국전력,토러스투자증권,이경자,-0.020864472,2010.0,2.0,24.0,한국전력
35720,카카오,토러스투자증권,김동희,-0.008122857,2010.0,3.0,9.0,다음
36460,한국가스공사,토러스투자증권,이경자,-0.000364472,2010.0,2.0,24.0,한국가스공사
51600,한전KPS,토러스투자증권,이경자,0.1803425073,2010.0,1.0,11.0,한전KPS
93050,LF,토러스투자증권,박수민,-0.027106168,2010.0,11.0,25.0,LG패션
19170,신풍제약,하나대투증권,조윤정,0.0008858201,2010.0,6.0,23.0,신풍제약
69260,휴켐스,흥국증권,이동욱,0.0429516861,2010.0,1.0,27.0,휴켐스
1230,동국제강,HMC투자증권,박현욱,0.0468502983,2011.0,2.0,28.0,동국제강
4020,현대제철,HMC투자증권,박현욱,0.0189502983,2011.0,2.0,28.0,현대제철
1680,대상,KTB투자증권,김민정,0.0390533505,2011.0,9.0,5.0,대상
2270,롯데푸드,KTB투자증권,김민정,0.0288533505,2011.0,9.0,5.0,롯데삼강
4370,농심,KTB투자증권,김민정,0.0160533505,2011.0,9.0,5.0,농심
5180,빙그레,KTB투자증권,김민정,-0.01814665,2011.0,9.0,5.0,빙그레
96770,SK이노베이션,대신증권,안상희,0.0090727284,2011.0,12.0,1.0,SK이노베이션
210,대림산업,동양증권,정상협,0.0608959777,2011.0,11.0,30.0,대림산업
830,삼성물산,동양증권,정상협,0.0811959777,2011.0,11.0,30.0,삼성물산
1800,오리온홀딩스,동양증권,강현희,-0.084579617,2011.0,11.0,28.0,오리온
12630,HDC,동양증권,정상협,0.0597959777,2011.0,11.0,30.0,현대산업
28050,삼성엔지니어링,동양증권,정상협,0.0555959777,2011.0,11.0,30.0,삼성엔지니어링
33780,KT&G,동양증권,강현희,-0.005779617,2011.0,11.0,28.0,KT&G
97950,CJ제일제당,동양증권,강현희,-0.031279617,2011.0,11.0,28.0,CJ제일제당
880,한화,부국증권,최상도,0.0020128096,2011.0,4.0,1.0,한화
12330,현대모비스,부국증권,안종훈,-0.114627212,2011.0,2.0,1.0,현대모비스
12450,한화에어로스페이스,부국증권,장인범,-0.008327212,2011.0,2.0,1.0,삼성테크윈
35760,CJ ENM,부국증권,김성훈,0.0606128096,2011.0,4.0,1.0,CJ오쇼핑
51910,LG화학,부국증권,최상도,0.0349727875,2011.0,2.0,1.0,LG화학
56190,에스에프에이,부국증권,장인범,0.0851191602,2011.0,3.0,2.0,에스에프에이
72470,우리산업홀딩스,부국증권,안종훈,-0.04698084,2011.0,3.0,2.0,우리산업
79160,CJ CGV,부국증권,김성훈,0.0281727875,2011.0,2.0,1.0,CJ CGV
80160,모두투어,부국증권,김성훈,-0.022631903,2011.0,7.0,4.0,모두투어
101170,우림기계,부국증권,안종훈,-0.009477177,2011.0,7.0,4.0,우림기계
20000,한섬,신영증권,서정연,-0.055624665,2011.0,10.0,6.0,한섬
23530,롯데쇼핑,신영증권,서정연,0.0084507592,2011.0,10.0,18.0,롯데쇼핑
69620,대웅제약,신영증권,김현태,-0.006967054,2011.0,1.0,20.0,대웅제약
69620,대웅제약,신영증권,김현태,-0.07621176,2011.0,10.0,25.0,대웅제약
93050,LF,신영증권,서정연,0.0006753352,2011.0,10.0,6.0,LG패션
810,삼성화재,우리투자증권,한승희,0.0517019513,2011.0,11.0,1.0,삼성화재
4800,효성,유진투자증권,곽진희,-0.045846372,2011.0,7.0,5.0,효성
9830,한화솔루션,유진투자증권,곽진희,-0.016046372,2011.0,7.0,5.0,한화케미칼
10060,OCI,유진투자증권,곽진희,0.0569536277,2011.0,7.0,5.0,OCI
11170,롯데케미칼,유진투자증권,곽진희,0.0512536277,2011.0,7.0,5.0,호남석유화학
11780,금호석유,유진투자증권,곽진희,-0.009546372,2011.0,7.0,5.0,금호석유화학
64420,케이피케미칼,유진투자증권,곽진희,-0.042646372,2011.0,7.0,5.0,케이피케미칼
1430,세아베스틸,이트레이드증권,조강운,-0.059014178,2011.0,5.0,11.0,세아베스틸
4020,현대제철,이트레이드증권,조강운,-0.017314178,2011.0,5.0,11.0,현대제철
4150,한솔홀딩스,이트레이드증권,양지혜,-0.009570081,2011.0,4.0,6.0,한솔제지
4370,농심,이트레이드증권,조기영,0.0025418993,2011.0,5.0,16.0,농심
10130,고려아연,이트레이드증권,조강운,-0.081214178,2011.0,5.0,11.0,고려아연
35420,NAVER,이트레이드증권,성종화,-0.068758101,2011.0,5.0,16.0,NHN
35420,NAVER,이트레이드증권,성종화,0.0236203834,2011.0,11.0,28.0,NHN
35720,카카오,이트레이드증권,성종화,0.0226418993,2011.0,5.0,16.0,다음
35720,카카오,이트레이드증권,성종화,-0.001479617,2011.0,11.0,28.0,다음
36570,엔씨소프트,이트레이드증권,성종화,-0.075279617,2011.0,11.0,28.0,엔씨소프트
55550,신한지주,이트레이드증권,하학수,-0.057614178,2011.0,5.0,11.0,신한금융
78930,GS,이트레이드증권,오승규,0.0973771991,2011.0,5.0,18.0,GS
95660,네오위즈,이트레이드증권,성종화,0.0263418993,2011.0,5.0,16.0,네오위즈게임즈
95660,네오위즈,이트레이드증권,성종화,-0.026779617,2011.0,11.0,28.0,네오위즈게임즈
97950,CJ제일제당,이트레이드증권,조기영,0.0284418993,2011.0,5.0,16.0,CJ제일제당
112040,위메이드,이트레이드증권,성종화,-0.015679617,2011.0,11.0,28.0,위메이드
9540,한국조선해양,키움증권,최원경,-0.017685662,2011.0,11.0,7.0,현대중공업
35720,카카오,토러스투자증권,김동희,-0.047557093,2011.0,3.0,14.0,다음
66270,SK컴즈,토러스투자증권,김동희,-0.112457093,2011.0,3.0,14.0,SK컴즈
6400,삼성SDI,하이투자증권,남대종,0.0707203834,2011.0,11.0,28.0,삼성SDI
77360,덕산하이메탈,하이투자증권,남대종,-0.009979617,2011.0,11.0,28.0,덕산하이메탈
5930,삼성전자,한국투자증권,한승훈,-0.01138084,2011.0,3.0,2.0,삼성전자
270,기아차,한맥투자증권,류연화,0.0207416561,2011.0,12.0,30.0,기아차
5380,현대차,한맥투자증권,류연화,0.0323416561,2011.0,12.0,30.0,현대차
12330,현대모비스,한맥투자증권,류연화,0.0458416561,2011.0,12.0,30.0,현대모비스
270,기아차,한화투자증권,강상민,0.0220814121,2011.0,9.0,6.0,重厚長大
5850,에스엘,한화투자증권,강상민,-0.007796945,2011.0,10.0,24.0,에스엘
92200,디아이씨,한화투자증권,강상민,0.0990030551,2011.0,10.0,24.0,디아이씨
10060,OCI,현대증권,백영찬,-0.004524665,2011.0,10.0,6.0,OCI
880,한화,KB투자증권,이상원,0.0174460743,2012.0,4.0,12.0,한화
1040,CJ,KB투자증권,이상원,-0.021553926,2012.0,4.0,12.0,CJ
9830,한화솔루션,KB투자증권,박재철,0.0600012263,2012.0,12.0,28.0,한화케미칼
11170,롯데케미칼,KB투자증권,박재철,0.0530012263,2012.0,12.0,28.0,호남석유
17670,SK텔레콤,KB투자증권,이지연,-0.015701781,2012.0,1.0,9.0,SK텔레콤
18880,한온시스템,KB투자증권,신정관,-0.039453926,2012.0,4.0,12.0,한라공조
33630,SK브로드밴드,KB투자증권,이지연,-0.016801781,2012.0,1.0,9.0,SK브로드밴드
69260,휴켐스,KB투자증권,박재철,-0.039298774,2012.0,12.0,28.0,휴켐스
78930,GS,KB투자증권,박재철,0.0339012263,2012.0,12.0,28.0,GS
14620,성광벤드,KDB대우증권,성기종,-0.030333436,2012.0,11.0,20.0,성광벤드
23160,태광,KDB대우증권,성기종,-0.060933436,2012.0,11.0,20.0,태광
53000,우리금융,LIG투자증권,손준범,-0.000829984,2012.0,2.0,21.0,우리금융
105560,KB금융,LIG투자증권,손준범,-0.045129984,2012.0,2.0,21.0,KB금융
120,CJ대한통운,동양증권,강성진,0.0307141316,2012.0,10.0,15.0,CJ대한통운
3490,대한항공,동양증권,강성진,0.0460464156,2012.0,1.0,25.0,대한항공
7660,이수페타시스,동양증권,최현재,-0.029150302,2012.0,11.0,26.0,이수페타시스
11200,현대상선,동양증권,강성진,-0.001953584,2012.0,1.0,25.0,현대상선
20560,아시아나항공,동양증권,강성진,0.0055464156,2012.0,1.0,25.0,아시아나항공
20560,아시아나항공,동양증권,강성진,0.0214141316,2012.0,10.0,15.0,아시아나항공
28670,팬오션,동양증권,강성진,0.0627464156,2012.0,1.0,25.0,STX팬오션
28670,팬오션,동양증권,강성진,0.0627464156,2012.0,1.0,25.0,STX팬오션
28670,팬오션,동양증권,강성진,0.0429141316,2012.0,10.0,15.0,STX팬오션
29460,케이씨,동양증권,오경택,0.0012496985,2012.0,11.0,26.0,케이씨텍
33240,자화전자,동양증권,최현재,0.0760496985,2012.0,11.0,26.0,자화전자
36570,엔씨소프트,동양증권,이창영,0.0264584883,2012.0,4.0,5.0,엔씨소프트
60720,KH바텍,동양증권,최현재,-0.013850302,2012.0,11.0,26.0,KH바텍
117930,한진해운,동양증권,강성진,0.0215464156,2012.0,1.0,25.0,한진해운
117930,한진해운,동양증권,강성진,0.0218141316,2012.0,10.0,15.0,한진해운
240,한국테크놀로지그룹,부국증권,안종훈,-0.040758344,2012.0,1.0,2.0,한국타이어
13570,디와이,부국증권,안종훈,-0.007458344,2012.0,1.0,2.0,동양기전
30000,제일기획,부국증권,김성훈,0.0092416561,2012.0,1.0,2.0,제일기획
34230,파라다이스,부국증권,김성훈,0.0507416561,2012.0,1.0,2.0,파라다이스
92200,디아이씨,부국증권,안종훈,0.0340416561,2012.0,1.0,2.0,디아이씨
102710,이엔에프테크놀로지,부국증권,장인범,-0.026058344,2012.0,1.0,2.0,이엔에프테크놀로지
6650,대한유화,삼성증권,김승우,-0.09738118,2012.0,5.0,15.0,대한유화
4020,현대제철,신영증권,조강운,-0.0521466,2012.0,2.0,16.0,현대제철
93050,LF,신영증권,서정연,0.0013348768,2012.0,8.0,16.0,LG패션
3470,유안타증권,신한금융투자,손미지,-0.028614272,2012.0,7.0,18.0,동양증권
4800,효성,유진투자증권,곽진희,0.0166326683,2012.0,1.0,17.0,효성
1800,오리온홀딩스,하나대투증권,강희영,-0.020455064,2012.0,3.0,26.0,오리온
97950,CJ제일제당,하나대투증권,강희영,-0.003055064,2012.0,3.0,26.0,CJ제일제당
53000,우리금융,하이투자증권,유상호,0.0934330986,2012.0,3.0,13.0,우리금융지주
55550,신한지주,하이투자증권,유상호,0.0276330986,2012.0,3.0,13.0,신한금융지주
86790,하나금융지주,하이투자증권,유상호,0.0486330986,2012.0,3.0,13.0,하나금융지주
12330,현대모비스,한양증권,김연우,0.0073616155,2012.0,2.0,28.0,현대모비스
1230,동국제강,현대증권,김지환,0.0687509228,2012.0,5.0,16.0,동국제강
60,메리츠화재,KB투자증권,유승창,0.0391366632,2013.0,11.0,1.0,메리츠화재
810,삼성화재,KB투자증권,유승창,0.0023366632,2013.0,11.0,1.0,삼성화재
1450,현대해상,KB투자증권,유승창,0.0249366632,2013.0,11.0,1.0,현대해상
2350,넥센타이어,KB투자증권,신정관,-0.071735088,2013.0,1.0,4.0,넥센타이어
5830,DB손해보험,KB투자증권,유승창,0.0335366632,2013.0,11.0,1.0,동부화재
34120,SBS,KB투자증권,최훈,-0.029735088,2013.0,1.0,4.0,SBS
34230,파라다이스,KB투자증권,박소연,-0.029935088,2013.0,1.0,4.0,파라다이스
35250,강원랜드,KB투자증권,박소연,0.008864912,2013.0,1.0,4.0,강원랜드
36460,한국가스공사,KB투자증권,최원열,-0.038096353,2013.0,10.0,4.0,한국가스공사
39130,하나투어,KB투자증권,박소연,0.033064912,2013.0,1.0,4.0,하나투어
52690,한전기술,KB투자증권,최원열,-0.027496353,2013.0,10.0,4.0,한전기술
80160,모두투어,KB투자증권,박소연,0.061464912,2013.0,1.0,4.0,모두투어
117930,한진해운,KB투자증권,최원열,-0.031931228,2013.0,10.0,7.0,한진해운
130960,CJ E&M,KB투자증권,최훈,0.164864912,2013.0,1.0,4.0,CJ E&M
660,SK하이닉스,KDB대우증권,송종호,0.001426812,2013.0,2.0,21.0,SK하이닉스
5930,삼성전자,KDB대우증권,송종호,0.012826812,2013.0,2.0,21.0,삼성전자
33640,네패스,KDB대우증권,송종호,0.025026812,2013.0,2.0,21.0,네패스
34220,LG디스플레이,KDB대우증권,황준호,0.041926812,2013.0,2.0,21.0,LG디스플레이
56190,에스에프에이,KDB대우증권,황준호,-0.014173188,2013.0,2.0,21.0,에스에프에이
77360,덕산하이메탈,KDB대우증권,조우형,-0.040173188,2013.0,2.0,21.0,덕산하이메탈
84370,유진테크,KDB대우증권,송종호,0.059026812,2013.0,2.0,21.0,유진테크
10620,현대미포조선,SK증권,이지훈,-0.019696867,2013.0,11.0,27.0,현대미포조선
13030,하이록코리아,SK증권,이지훈,0.0454196144,2013.0,9.0,27.0,하이록코리아
23160,태광,SK증권,이지훈,-0.090880386,2013.0,9.0,27.0,태광
60,메리츠화재,메리츠종금증권,윤제민,0.0402251951,2013.0,12.0,2.0,메리츠화재
1450,현대해상,메리츠종금증권,윤제민,-0.003474805,2013.0,12.0,2.0,현대해상
640,동아쏘시오홀딩스,바로투자증권,신재훈,0.0247981491,2013.0,3.0,19.0,동아제약
5380,현대차,부국증권,안종훈,-0.004726993,2013.0,2.0,1.0,현대차
1630,종근당홀딩스,신영증권,김현태,0.0407644232,2013.0,1.0,29.0,종근당
5440,현대그린푸드,신영증권,서정연,-0.033868191,2013.0,4.0,23.0,현대그린푸드
5440,현대그린푸드,신영증권,서정연,0.0245414748,2013.0,8.0,6.0,현대그린푸드
9830,한화솔루션,신영증권,오정일,0.0102644232,2013.0,1.0,29.0,한화케미칼
10060,OCI,신영증권,오정일,-0.060935577,2013.0,1.0,29.0,OCI
28150,GS홈쇼핑,신영증권,서정연,0.0682616277,2013.0,1.0,31.0,GS홈쇼핑
31440,신세계푸드,신영증권,서정연,0.0179616277,2013.0,1.0,31.0,신세계푸드
31440,신세계푸드,신영증권,서정연,-0.009558525,2013.0,8.0,6.0,신세계푸드
68270,셀트리온,신영증권,김현태,0.0183644232,2013.0,1.0,29.0,셀트리온
68870,LG생명과학,신영증권,김현태,0.0741644232,2013.0,1.0,29.0,LG생명과학
78930,GS,신영증권,오정일,0.0209644232,2013.0,1.0,29.0,GS
81660,휠라홀딩스,신영증권,서정연,0.0119616277,2013.0,1.0,31.0,휠라코리아
96530,씨젠,신영증권,김현태,-0.011735577,2013.0,1.0,29.0,씨젠
96770,SK이노베이션,신영증권,오정일,0.0109644232,2013.0,1.0,29.0,SK이노베이션
105630,한세실업,신영증권,서정연,-0.037538372,2013.0,1.0,31.0,한세실업
111770,영원무역,신영증권,서정연,-0.021738372,2013.0,1.0,31.0,영원무역
3450,현대증권,신한금융투자,손미지,-0.004965207,2013.0,3.0,6.0,현대증권
3540,대신증권,신한금융투자,손미지,-0.016265207,2013.0,3.0,6.0,대신증권
3540,대신증권,신한금융투자,손미지,-0.006343583,2013.0,7.0,8.0,대신증권
6800,미래에셋대우,신한금융투자,손미지,-0.009943583,2013.0,7.0,8.0,대우증권
16360,삼성증권,신한금융투자,손미지,-0.011843583,2013.0,7.0,8.0,삼성증권
30210,KTB투자증권,신한금융투자,손미지,-0.099143583,2013.0,7.0,8.0,KTB투자증권
37620,미래에셋증권,신한금융투자,손미지,-0.055143583,2013.0,7.0,8.0,미래에셋증권
39490,키움증권,신한금융투자,손미지,-0.047743583,2013.0,7.0,8.0,키움증권
71050,한국금융지주,신한금융투자,손미지,0.0108564167,2013.0,7.0,8.0,한국금융지주
810,삼성화재,우리투자증권,한승희,0.0069766772,2013.0,6.0,4.0,삼성화재
1450,현대해상,우리투자증권,한승희,0.0039766772,2013.0,6.0,4.0,현대해상
5830,DB손해보험,우리투자증권,한승희,0.0148766772,2013.0,6.0,4.0,동부화재
36830,솔브레인,우리투자증권,김양재,0.0003088733,2013.0,4.0,2.0,솔브레인
60,메리츠화재,키움증권,차경회,-0.111126993,2013.0,2.0,1.0,메리츠화재
150,두산,키움증권,최원경,0.0013667295,2013.0,4.0,10.0,두산
810,삼성화재,키움증권,차경회,-0.003926993,2013.0,2.0,1.0,삼성화재
1450,현대해상,키움증권,차경회,-0.062526993,2013.0,2.0,1.0,현대해상
5830,DB손해보험,키움증권,차경회,0.0212730074,2013.0,2.0,1.0,동부화재
9540,한국조선해양,키움증권,최원경,0.0171376608,2013.0,11.0,14.0,현대중공업
5490,POSCO,하이투자증권,방민진,0.0476489826,2013.0,11.0,4.0,POSCO
9830,한화솔루션,한맥투자증권,이동욱,0.1263236689,2013.0,10.0,15.0,한화케미칼
11170,롯데케미칼,한맥투자증권,이동욱,0.0717236689,2013.0,10.0,15.0,롯데케미칼
51910,LG화학,한맥투자증권,이동욱,0.0342236689,2013.0,10.0,15.0,LG화학
69260,휴켐스,한맥투자증권,이동욱,0.0347236689,2013.0,10.0,15.0,휴켐스
13030,하이록코리아,한화투자증권,정동익,-0.037309953,2013.0,1.0,7.0,하이록코리아
14620,성광벤드,한화투자증권,정동익,-0.096609953,2013.0,1.0,7.0,성광벤드
23160,태광,한화투자증권,정동익,-0.006509953,2013.0,1.0,7.0,태광
83650,비에이치아이,한화투자증권,정동익,0.0679900475,2013.0,1.0,7.0,비에이치아이
102940,코오롱생명과학,한화투자증권,정보라,0.0388406128,2013.0,3.0,20.0,코오롱생명과학
9830,한화솔루션,현대증권,백영찬,0.0351981491,2013.0,3.0,19.0,한화케미칼
9830,한화솔루션,현대증권,백영찬,0.0351981491,2013.0,3.0,19.0,한화케미칼
10060,OCI,현대증권,백영찬,-0.042401851,2013.0,3.0,19.0,OCI
11170,롯데케미칼,현대증권,백영찬,0.0014981491,2013.0,3.0,19.0,롯데케미칼
11780,금호석유,현대증권,백영찬,0.0603981491,2013.0,3.0,19.0,금호석유화학
11790,SKC,현대증권,백영찬,-0.028601851,2013.0,3.0,19.0,SKC
11790,SKC,현대증권,백영찬,-0.028601851,2013.0,3.0,19.0,SKC
1450,현대해상,IBK투자증권,홍승일,-0.054810301,2014.0,11.0,3.0,현대해상
4170,신세계,KB투자증권,이지연,-0.048587197,2014.0,1.0,13.0,신세계
28150,GS홈쇼핑,KB투자증권,이지연,-0.053387197,2014.0,1.0,13.0,GS홈쇼핑
33640,네패스,KB투자증권,변한준,-0.042405232,2014.0,7.0,15.0,네패스
84370,유진테크,KB투자증권,변한준,0.0122947682,2014.0,7.0,15.0,유진테크
97230,한진중공업,KB투자증권,이상원,0.1127894436,2014.0,1.0,10.0,한진중공업
97230,한진중공업,KB투자증권,이상원,-0.068690741,2014.0,7.0,4.0,한진중공업
96530,씨젠,KDB대우증권,김현태,0.0255914119,2014.0,5.0,2.0,씨젠
660,SK하이닉스,LIG투자증권,홍성호,0.0233788654,2014.0,11.0,24.0,SK하이닉스
11170,롯데케미칼,LIG투자증권,박영훈,0.0785788654,2014.0,11.0,24.0,롯데케미칼
32640,LG유플러스,LIG투자증권,강봉우,-0.029907452,2014.0,7.0,16.0,LG유플러스
34220,LG디스플레이,LIG투자증권,홍성호,0.0159788654,2014.0,11.0,24.0,LG디스플레이
51910,LG화학,LIG투자증권,박영훈,0.0469788654,2014.0,11.0,24.0,LG화학
69260,휴켐스,LIG투자증권,박영훈,0.0131788654,2014.0,11.0,24.0,휴켐스
96770,SK이노베이션,LIG투자증권,박영훈,0.0585788654,2014.0,11.0,24.0,SK이노베이션
130960,CJ E&M,LIG투자증권,정대호,-0.084959187,2014.0,5.0,26.0,CJ E&M
810,삼성화재,NH농협증권,김태현,-0.032279316,2014.0,1.0,2.0,삼성화재
1450,현대해상,NH농협증권,김태현,0.0189206842,2014.0,1.0,2.0,현대해상
71840,롯데하이마트,NH농협증권,홍성수,0.0080561642,2014.0,6.0,9.0,롯데하이마트
84370,유진테크,NH농협증권,이선태,-0.088143836,2014.0,6.0,9.0,유진테크
1680,대상,대신증권,이선경,0.0668761363,2014.0,5.0,22.0,대상
14620,성광벤드,동양증권,이재원,0.0286725868,2014.0,2.0,24.0,성광벤드
17670,SK텔레콤,동양증권,최남곤,-0.00793532,2014.0,3.0,4.0,SK텔레콤
23160,태광,동양증권,이재원,0.0286725868,2014.0,2.0,24.0,태광
30200,KT,동양증권,최남곤,-0.01923532,2014.0,3.0,4.0,KT
32640,LG유플러스,동양증권,최남곤,-0.06193532,2014.0,3.0,4.0,LG유플러스
33630,SK브로드밴드,동양증권,최남곤,-0.05963532,2014.0,3.0,4.0,SK브로드밴드
86790,하나금융지주,리딩투자증권,배정현,0.0183307295,2014.0,9.0,1.0,하나금융
3220,대원제약,메리츠종금증권,김현욱,0.0454911473,2014.0,1.0,27.0,대원제약
5500,삼진제약,메리츠종금증권,김현욱,0.0078224779,2014.0,11.0,10.0,삼진제약
6800,미래에셋대우,메리츠종금증권,박선호,-0.066563149,2014.0,12.0,1.0,대우증권
33270,유나이티드제약,메리츠종금증권,김현욱,0.0248911473,2014.0,1.0,27.0,유나이티드제약
5440,현대그린푸드,신영증권,서정연,-0.027163149,2014.0,12.0,1.0,현대그린푸드
6730,서부T&D,신영증권,서정연,-0.016963149,2014.0,12.0,1.0,서부티엔디
7070,GS리테일,신영증권,서정연,0.0617368513,2014.0,12.0,1.0,GS리테일
23530,롯데쇼핑,신영증권,서정연,-0.036463149,2014.0,12.0,1.0,롯데쇼핑
28150,GS홈쇼핑,신영증권,서정연,-0.010163149,2014.0,12.0,1.0,GS홈쇼핑
51500,CJ프레시웨이,신영증권,서정연,0.0149368513,2014.0,12.0,1.0,CJ프레시웨이
57050,현대홈쇼핑,신영증권,서정연,-0.005463149,2014.0,12.0,1.0,현대홈쇼핑
71840,롯데하이마트,신영증권,서정연,-0.000863149,2014.0,12.0,1.0,롯데하이마트
60,메리츠화재,우리투자증권,한승희,-0.026865545,2014.0,4.0,1.0,메리츠화재
810,삼성화재,우리투자증권,한승희,0.0133344553,2014.0,4.0,1.0,삼성화재
1450,현대해상,우리투자증권,한승희,-0.031265545,2014.0,4.0,1.0,현대해상
4170,신세계,우리투자증권,박진,0.0324106038,2014.0,11.0,13.0,신세계
5830,DB손해보험,우리투자증권,한승희,-0.018965545,2014.0,4.0,1.0,동부화재
7070,GS리테일,우리투자증권,박진,0.0378106038,2014.0,11.0,13.0,GS리테일
14680,한솔케미칼,우리투자증권,이세철,0.061258853,2014.0,11.0,4.0,한솔케미칼
34220,LG디스플레이,우리투자증권,김양재,0.061358853,2014.0,11.0,4.0,LG디스플레이
139480,이마트,우리투자증권,박진,0.0459106038,2014.0,11.0,13.0,이마트
2380,KCC,유진투자증권,곽진희,-0.012426477,2014.0,1.0,14.0,KCC
9830,한화솔루션,유진투자증권,곽진희,-0.038126477,2014.0,1.0,14.0,한화케미칼
11790,SKC,유진투자증권,곽진희,0.0005735226,2014.0,1.0,14.0,SKC
11790,SKC,유진투자증권,곽진희,0.0005735226,2014.0,1.0,14.0,SKC
69260,휴켐스,유진투자증권,곽진희,0.0053735226,2014.0,1.0,14.0,휴켐스
78930,GS,유진투자증권,곽진희,-0.023126477,2014.0,1.0,14.0,GS
36460,한국가스공사,이트레이드증권,박용희,-0.060129195,2014.0,1.0,15.0,한국가스공사
390,삼화페인트,키움증권,박중선,0.0276265013,2014.0,10.0,8.0,삼화페인트
2030,아세아,키움증권,박중선,-0.047873499,2014.0,10.0,8.0,아세아
3300,한일홀딩스,키움증권,박중선,0.0457265013,2014.0,10.0,8.0,한일시멘트
5850,에스엘,키움증권,이현수,0.0541128031,2014.0,1.0,13.0,에스엘
9240,한샘,키움증권,박중선,0.0767143625,2014.0,7.0,24.0,한샘
10690,화신,키움증권,이현수,0.0346128031,2014.0,1.0,13.0,화신
11210,현대위아,키움증권,이현수,-0.033187197,2014.0,1.0,13.0,현대위아
12330,현대모비스,키움증권,이현수,0.0164128031,2014.0,1.0,13.0,현대모비스
43370,평화정공,키움증권,이현수,0.0135128031,2014.0,1.0,13.0,평화정공
78340,컴투스,키움증권,안재민,-0.038178802,2014.0,1.0,24.0,컴투스
112040,위메이드,키움증권,안재민,0.0456211982,2014.0,1.0,24.0,위메이드
3550,LG,하나대투증권,신승현,0.0197120221,2014.0,11.0,11.0,LG
31430,신세계인터내셔날,하나대투증권,박종대,-0.096987978,2014.0,11.0,11.0,신세계인터내셔날
60,메리츠화재,하이투자증권,유상호,-0.015367496,2014.0,11.0,26.0,메리츠화재보험
810,삼성화재,하이투자증권,유상호,0.0108325043,2014.0,11.0,26.0,삼성화재보험
1450,현대해상,하이투자증권,유상호,-0.003567496,2014.0,11.0,26.0,현대해상보험
1230,동국제강,현대증권,김지환,0.0143608664,2014.0,1.0,23.0,동국제강
9520,포스코엠텍,현대증권,김지환,-0.072139134,2014.0,1.0,23.0,포스코엠텍
10520,현대하이스코,현대증권,김지환,0.1205608664,2014.0,1.0,23.0,현대하이스코
66570,LG전자,현대증권,김동원,0.0054646795,2014.0,3.0,4.0,LG전자
120,CJ대한통운,KB투자증권,강성진,0.0430474674,2015.0,12.0,10.0,CJ대한통운
270,기아차,KB투자증권,신정관,0.0412281417,2015.0,10.0,13.0,기아차
3490,대한항공,KB투자증권,강성진,0.0207474674,2015.0,12.0,10.0,대한항공
5300,롯데칠성,KB투자증권,손주리,-0.058086337,2015.0,8.0,24.0,롯데칠성
5880,대한해운,KB투자증권,강성진,-0.030052533,2015.0,12.0,10.0,대한해운
11200,현대상선,KB투자증권,강성진,0.0058040403,2015.0,1.0,21.0,현대상선
11200,현대상선,KB투자증권,강성진,-0.042352533,2015.0,12.0,10.0,현대상선
15760,한국전력,KB투자증권,강성진,0.0413353186,2015.0,10.0,20.0,한국전력
20560,아시아나항공,KB투자증권,강성진,0.0353474674,2015.0,12.0,10.0,아시아나항공
31430,신세계인터내셔날,KB투자증권,양지혜,-0.091510114,2015.0,1.0,23.0,신세계인터내셔날
39130,하나투어,KB투자증권,김민정,0.1728746246,2015.0,7.0,13.0,하나투어
71840,롯데하이마트,KB투자증권,양지혜,0.0477235899,2015.0,4.0,16.0,롯데하이마트
117930,한진해운,KB투자증권,강성진,-0.024552533,2015.0,12.0,10.0,한진해운
122900,아이마켓코리아,KB투자증권,양지혜,0.0538898857,2015.0,1.0,23.0,아이마켓코리아
139480,이마트,KB투자증권,양지혜,0.0162898857,2015.0,1.0,23.0,이마트
139480,이마트,KB투자증권,양지혜,0.0162898857,2015.0,1.0,23.0,이마트
10140,삼성중공업,KDB대우증권,성기종,0.0151808016,2015.0,7.0,23.0,삼성중공업
42660,대우조선해양,KDB대우증권,성기종,0.0409808016,2015.0,7.0,23.0,대우조선해양
48260,오스템임플란트,KDB대우증권,김현태,0.0302348188,2015.0,11.0,30.0,오스템임플란트
150,두산,LIG투자증권,양형모,-0.04527741,2015.0,6.0,1.0,두산
660,SK하이닉스,LIG투자증권,신현준,0.0168314759,2015.0,11.0,17.0,SK하이닉스
1040,CJ,LIG투자증권,양형모,0.0045225905,2015.0,6.0,1.0,CJ
3550,LG,LIG투자증권,양형모,0.0109225905,2015.0,6.0,1.0,LG
3600,SK,LIG투자증권,양형모,0.1436225905,2015.0,6.0,1.0,SK
4020,현대제철,LIG투자증권,김윤상,0.0147314759,2015.0,11.0,17.0,현대제철
5490,POSCO,LIG투자증권,김윤상,-0.010668524,2015.0,11.0,17.0,POSCO
9540,한국조선해양,LIG투자증권,양형모,-0.06397741,2015.0,6.0,1.0,현대중공업
10130,고려아연,LIG투자증권,김윤상,0.0079314759,2015.0,11.0,17.0,고려아연
10140,삼성중공업,LIG투자증권,양형모,-0.00847741,2015.0,6.0,1.0,삼성중공업
11170,롯데케미칼,LIG투자증권,박영훈,0.0658314759,2015.0,11.0,17.0,롯데케미칼
12450,한화에어로스페이스,LIG투자증권,강봉우,0.1894225905,2015.0,6.0,1.0,삼성테크윈
35250,강원랜드,LIG투자증권,지인해,-0.053968524,2015.0,11.0,17.0,강원랜드
42660,대우조선해양,LIG투자증권,양형모,0.0174225905,2015.0,6.0,1.0,대우조선해양
51910,LG화학,LIG투자증권,박영훈,0.0928314759,2015.0,11.0,17.0,LG화학
60720,KH바텍,LIG투자증권,강봉우,-0.02537741,2015.0,6.0,1.0,KH바텍
91700,파트론,LIG투자증권,강봉우,-0.01837741,2015.0,6.0,1.0,파트론
96770,SK이노베이션,LIG투자증권,박영훈,0.0807314759,2015.0,11.0,17.0,SK이노베이션
103140,풍산,LIG투자증권,김윤상,0.0127314759,2015.0,11.0,17.0,풍산
114090,GKL,LIG투자증권,지인해,-0.063868524,2015.0,11.0,17.0,GKL
810,삼성화재,NH투자증권,한승희,0.0116936385,2015.0,3.0,3.0,삼성화재
810,삼성화재,NH투자증권,한승희,-0.012957294,2015.0,8.0,3.0,삼성화재
1450,현대해상,NH투자증권,한승희,-0.036406361,2015.0,3.0,3.0,현대해상
1450,현대해상,NH투자증권,한승희,0.0774427061,2015.0,8.0,3.0,현대해상
5830,DB손해보험,NH투자증권,한승희,-0.043106361,2015.0,3.0,3.0,동부화재
5830,DB손해보험,NH투자증권,한승희,0.1314427061,2015.0,8.0,3.0,동부화재
35720,카카오,NH투자증권,정재우,0.055915026,2015.0,1.0,15.0,다음카카오
640,동아쏘시오홀딩스,SK증권,하태기,0.078041995,2015.0,11.0,18.0,동아쏘시오홀딩스
170900,동아에스티,SK증권,하태기,-0.030958005,2015.0,11.0,18.0,동아에스티
1430,세아베스틸,대신증권,이종형,-0.009110782,2015.0,11.0,10.0,세아베스틸
4020,현대제철,대신증권,이종형,-0.034510782,2015.0,11.0,10.0,현대제철
5490,POSCO,대신증권,이종형,-0.057410782,2015.0,11.0,10.0,POSCO
34020,두산중공업,대신증권,이지윤,0.1016106642,2015.0,11.0,24.0,두산중공업
39830,오로라,대신증권,김영주,0.0544834986,2015.0,6.0,8.0,오로라
47810,한국항공우주,대신증권,이지윤,-0.030089336,2015.0,11.0,24.0,한국항공우주
103140,풍산,대신증권,이종형,0.0049892175,2015.0,11.0,10.0,풍산
105560,KB금융,대신증권,최정욱,-0.026735548,2015.0,11.0,23.0,KB금융
660,SK하이닉스,메리츠종금증권,박유악,-0.039006361,2015.0,3.0,3.0,SK하이닉스
3220,대원제약,메리츠종금증권,김현욱,0.0037204101,2015.0,3.0,23.0,대원제약
3220,대원제약,메리츠종금증권,김현욱,0.0104905248,2015.0,8.0,17.0,대원제약
3490,대한항공,메리츠종금증권,김승철,0.028682917,2015.0,3.0,13.0,대한항공
3490,대한항공,메리츠종금증권,김승철,0.0100126836,2015.0,12.0,4.0,대한항공
5500,삼진제약,메리츠종금증권,김현욱,-0.010293677,2015.0,3.0,9.0,삼진제약
5500,삼진제약,메리츠종금증권,김현욱,-0.063990528,2015.0,9.0,7.0,삼진제약
5880,대한해운,메리츠종금증권,김승철,0.0907126836,2015.0,12.0,4.0,대한해운
5930,삼성전자,메리츠종금증권,박유악,0.0298936385,2015.0,3.0,3.0,삼성전자
8770,호텔신라,메리츠종금증권,김승철,0.0153126836,2015.0,12.0,4.0,호텔신라
15760,한국전력,메리츠종금증권,김승철,0.0678474674,2015.0,12.0,10.0,한국전력공사
20560,아시아나항공,메리츠종금증권,김승철,0.103382917,2015.0,3.0,13.0,아시아나항공
20560,아시아나항공,메리츠종금증권,김승철,0.0054126836,2015.0,12.0,4.0,아시아나항공
34220,LG디스플레이,메리츠종금증권,박유악,-0.077806361,2015.0,3.0,3.0,LG디스플레이
39130,하나투어,메리츠종금증권,김승철,-0.009287316,2015.0,12.0,4.0,하나투어
51600,한전KPS,메리츠종금증권,김승철,-0.036252533,2015.0,12.0,10.0,한전KPS
52690,한전기술,메리츠종금증권,김승철,-0.12099596,2015.0,1.0,21.0,한전기술
52690,한전기술,메리츠종금증권,김승철,-0.007152533,2015.0,12.0,10.0,한국전력기술
69620,대웅제약,메리츠종금증권,김현욱,0.0309705731,2015.0,5.0,11.0,대웅제약
80160,모두투어,메리츠종금증권,김승철,0.0412126836,2015.0,12.0,4.0,모두투어
84110,휴온스글로벌,메리츠종금증권,김현욱,0.0421613866,2015.0,3.0,2.0,휴온스
84110,휴온스글로벌,메리츠종금증권,김현욱,-0.026709475,2015.0,8.0,17.0,휴온스
86280,현대글로비스,메리츠종금증권,김승철,-0.010187316,2015.0,12.0,4.0,현대글로비스
92070,디엔에프,메리츠종금증권,박유악,-0.053188522,2015.0,6.0,22.0,디엔에프
117930,한진해운,메리츠종금증권,김승철,-0.030087316,2015.0,12.0,4.0,한진해운
720,현대건설,삼성증권,윤석모,-0.04517604,2015.0,12.0,7.0,현대건설
810,삼성화재,삼성증권,장효선,0.0177239605,2015.0,12.0,7.0,삼성화재
8770,호텔신라,삼성증권,양일우,-0.03217604,2015.0,12.0,7.0,호텔신라
11070,LG이노텍,삼성증권,이종욱,-0.00797604,2015.0,12.0,7.0,LG이노텍
46440,KG모빌리언스,삼성증권,오동환,0.0620791019,2015.0,1.0,16.0,KG모빌리언스
60250,NHN한국사이버결제,삼성증권,오동환,0.0029791019,2015.0,1.0,16.0,한국사이버결제
71320,지역난방공사,삼성증권,범수진,-0.018959663,2015.0,1.0,14.0,지역난방공사
71320,지역난방공사,삼성증권,범수진,0.0390235899,2015.0,4.0,16.0,지역난방공사
105560,KB금융,삼성증권,김재우,0.0088239605,2015.0,12.0,7.0,KB금융
9150,삼성전기,신영증권,임돌이,0.0136838723,2015.0,1.0,22.0,삼성전기
11070,LG이노텍,신영증권,임돌이,-0.020916128,2015.0,1.0,22.0,LG이노텍
31430,신세계인터내셔날,신영증권,서정연,0.1332048807,2015.0,12.0,24.0,신세계인터내셔날
34220,LG디스플레이,신영증권,임돌이,-0.034616128,2015.0,1.0,22.0,LG디스플레이
3450,현대증권,신한금융투자,손미지,0.2305150672,2015.0,4.0,13.0,현대증권
2380,KCC,유진투자증권,곽진희,0.0681403367,2015.0,1.0,14.0,KCC
69260,휴켐스,유진투자증권,곽진희,0.0349403367,2015.0,1.0,14.0,휴켐스
96770,SK이노베이션,유진투자증권,곽진희,-0.025759663,2015.0,1.0,14.0,SK이노베이션
120110,코오롱인더,유진투자증권,곽진희,0.0262403367,2015.0,1.0,14.0,코오롱인더스트리
270,기아차,키움증권,최원경,-0.065189336,2015.0,11.0,24.0,기아차
5380,현대차,키움증권,최원경,-0.065089336,2015.0,11.0,24.0,현대차
39130,하나투어,키움증권,조병희,0.002731386,2015.0,9.0,16.0,하나투어
10690,화신,토러스투자증권,유지웅,0.0084857035,2015.0,1.0,12.0,화신
112040,위메이드,토러스투자증권,유승준,-0.106412517,2015.0,2.0,2.0,위메이드
80,하이트진로,하나금융투자,심은주,-0.041042272,2015.0,10.0,7.0,하이트진로
4990,롯데지주,하나금융투자,심은주,-0.035442272,2015.0,10.0,7.0,롯데제과
5180,빙그레,하나금융투자,심은주,-0.053642272,2015.0,10.0,7.0,빙그레
5300,롯데칠성,하나금융투자,심은주,-0.102842272,2015.0,10.0,7.0,롯데칠성
5990,매일홀딩스,하나금융투자,심은주,-0.007742272,2015.0,10.0,7.0,매일유업
6040,동원산업,하나금융투자,심은주,-0.097342272,2015.0,10.0,7.0,동원산업
33780,KT&G,하나금융투자,심은주,-0.014642272,2015.0,10.0,7.0,KT&G
33780,KT&G,하나금융투자,심은주,-0.014642272,2015.0,10.0,7.0,KT&G
34730,SK,하나금융투자,오진원,-0.024107438,2015.0,11.0,9.0,SK
49770,동원F&B,하나금융투자,심은주,-0.063842272,2015.0,10.0,7.0,동원F&B
51600,한전KPS,하나금융투자,신민석,-0.026507438,2015.0,11.0,9.0,한전KPS
57050,현대홈쇼핑,하나금융투자,박종대,-0.001907438,2015.0,11.0,9.0,현대홈쇼핑
69960,현대백화점,하나금융투자,박종대,-0.042107438,2015.0,11.0,9.0,현대백화점
38540,상상인,하나대투증권,이정기,-0.05315468,2015.0,4.0,1.0,텍셀네트컴
43610,지니뮤직,하나대투증권,이정기,0.0017613866,2015.0,3.0,2.0,KT뮤직
68240,다원시스,하나대투증권,이정기,0.0734613866,2015.0,3.0,2.0,다원시스
69640,한세엠케이,하나대투증권,이정기,-0.011538613,2015.0,3.0,2.0,엠케이트렌드
88910,동우팜투테이블,하나대투증권,이정기,0.0001453197,2015.0,4.0,1.0,동우
9830,한화솔루션,하이투자증권,이동욱,0.0590348188,2015.0,11.0,30.0,한화케미칼
11170,롯데케미칼,하이투자증권,이동욱,-0.011465181,2015.0,11.0,30.0,롯데케미칼
93050,LF,하이투자증권,손효주,-0.072136715,2015.0,5.0,27.0,LF
2350,넥센타이어,현대증권,채희근,-0.065989336,2015.0,11.0,24.0,넥센타이어
10130,고려아연,현대증권,한기현,0.032219493,2015.0,12.0,3.0,고려아연
11070,LG이노텍,현대증권,김동원,0.0661975018,2015.0,3.0,18.0,LG이노텍
34220,LG디스플레이,현대증권,김동원,0.0382975018,2015.0,3.0,18.0,LG디스플레이
43370,평화정공,현대증권,채희근,-0.009689336,2015.0,11.0,24.0,평화정공
43370,평화정공,현대증권,채희근,-0.009689336,2015.0,11.0,24.0,평화정공
64960,S&T모티브,현대증권,채희근,0.0691106642,2015.0,11.0,24.0,S&T 티브
66570,LG전자,현대증권,김동원,-0.018802498,2015.0,3.0,18.0,LG전자
86280,현대글로비스,현대증권,채희근,-0.009789336,2015.0,11.0,24.0,현대글로비스
103140,풍산,현대증권,한기현,0.025219493,2015.0,12.0,3.0,풍산
122350,삼기오토모티브,현대증권,채희근,0.0323106642,2015.0,11.0,24.0,삼기오토모티브
161390,한국타이어앤테크놀로지,현대증권,채희근,-0.026389336,2015.0,11.0,24.0,한국타이어
120,CJ대한통운,KB투자증권,강성진,-0.052417269,2016.0,11.0,30.0,CJ대한통운
150,두산,KB투자증권,강선아,0.0656917496,2016.0,11.0,15.0,두산
150,두산,KB투자증권,강선아,0.0656917496,2016.0,11.0,15.0,두산
1040,CJ,KB투자증권,강선아,0.0537917496,2016.0,11.0,15.0,CJ
3490,대한항공,KB투자증권,강성진,-0.010017269,2016.0,11.0,30.0,대한항공
3550,LG,KB투자증권,강선아,-0.03050825,2016.0,11.0,15.0,LG
3550,LG,KB투자증권,강선아,-0.03050825,2016.0,11.0,15.0,LG
5880,대한해운,KB투자증권,강성진,-0.125917269,2016.0,11.0,30.0,대한해운
6650,대한유화,KB투자증권,이재원,0.0573684554,2016.0,10.0,18.0,대한유화
11780,금호석유,KB투자증권,이재원,-0.030124168,2016.0,7.0,20.0,금호석유
11790,SKC,KB투자증권,이재원,-0.012524168,2016.0,7.0,20.0,SKC
15760,한국전력,KB투자증권,강성진,-0.078317269,2016.0,11.0,30.0,한국전력
20560,아시아나항공,KB투자증권,강성진,-0.011117269,2016.0,11.0,30.0,아시아나항공
28670,팬오션,KB투자증권,강성진,0.0375827306,2016.0,11.0,30.0,팬오션
34730,SK,KB투자증권,강선아,0.0473917496,2016.0,11.0,15.0,SK
36460,한국가스공사,KB투자증권,강성진,0.0031827306,2016.0,11.0,30.0,한국가스공사
51600,한전KPS,KB투자증권,강성진,-0.027717269,2016.0,11.0,30.0,한전KPS
52690,한전기술,KB투자증권,강성진,-0.013668965,2016.0,1.0,29.0,한전기술
52690,한전기술,KB투자증권,강성진,0.0090827306,2016.0,11.0,30.0,한전기술
64960,S&T모티브,KB투자증권,신정관,-0.046773792,2016.0,1.0,11.0,S&T모티브
89590,제주항공,KB투자증권,강성진,-0.036917269,2016.0,11.0,30.0,제주항공
181710,NHN,KB투자증권,이동륜,-0.093284512,2016.0,1.0,19.0,NHN엔터테인먼트
47810,한국항공우주,KTB투자증권,강태현,-0.018438493,2016.0,5.0,17.0,한국항공우주
29460,케이씨,LIG투자증권,신현준,0.0128911936,2016.0,5.0,30.0,케이씨텍
29460,케이씨,LIG투자증권,신현준,0.0128911936,2016.0,5.0,30.0,케이씨텍
34220,LG디스플레이,LIG투자증권,신현준,-0.035008806,2016.0,5.0,30.0,LG디스플레이
40160,누리텔레콤,LIG투자증권,김인필,0.0419911936,2016.0,5.0,30.0,누리텔레콤
84650,랩지노믹스,LIG투자증권,김인필,-0.074408806,2016.0,5.0,30.0,랩지노믹스
138930,BNK금융지주,LIG투자증권,은경완,-0.014208806,2016.0,5.0,30.0,BNK금융지주
5250,녹십자홀딩스,SK증권,하태기,0.1773045118,2016.0,1.0,6.0,녹십자홀딩스
69110,코스온,대신증권,박신애,0.0699850956,2016.0,4.0,7.0,코스온
78520,에이블씨엔씨,대신증권,박신애,0.0595850956,2016.0,4.0,7.0,에이블씨엔씨
20560,아시아나항공,메리츠종금증권,김승철,-0.033061974,2016.0,10.0,5.0,아시아나항공
36490,SK머티리얼즈,메리츠종금증권,박유악,0.0836159362,2016.0,5.0,23.0,SK머티리얼즈
36830,솔브레인,메리츠종금증권,박유악,-0.006884064,2016.0,5.0,23.0,솔브레인
51600,한전KPS,메리츠종금증권,김승철,-0.058300226,2016.0,10.0,17.0,한전KPS
58470,리노공업,메리츠종금증권,박유악,0.0046159362,2016.0,5.0,23.0,리노공업
71320,지역난방공사,메리츠종금증권,김승철,0.0136997738,2016.0,10.0,17.0,지역난방공사
89590,제주항공,메리츠종금증권,김승철,-0.059661974,2016.0,10.0,5.0,제주항공
92070,디엔에프,메리츠종금증권,박유악,-0.026984064,2016.0,5.0,23.0,디엔에프
108320,실리콘웍스,메리츠종금증권,박유악,0.0313159362,2016.0,5.0,23.0,실리콘웍스
23530,롯데쇼핑,삼성증권,남옥진,0.0032498041,2016.0,1.0,21.0,롯데쇼핑
28150,GS홈쇼핑,삼성증권,남옥진,0.0147498041,2016.0,1.0,21.0,GS홈쇼핑
51910,LG화학,삼성증권,장정훈,-0.044539747,2016.0,1.0,7.0,LG화학
4490,세방전지,신영증권,이재일,-0.019691759,2016.0,7.0,13.0,세방전지
64960,S&T모티브,신영증권,이재일,-0.058591759,2016.0,7.0,13.0,S&T모티브
204320,만도,신영증권,이재일,0.024684606,2016.0,10.0,11.0,만도
30210,KTB투자증권,신한금융투자,손미지,-0.03945,2016.0,5.0,19.0,KTB투자증권
39130,하나투어,키움증권,조병희,0.0378940433,2016.0,11.0,28.0,하나투어
41510,에스엠,키움증권,홍정표,-0.055838712,2016.0,11.0,24.0,에스엠
180640,한진칼,키움증권,조병희,-0.010705957,2016.0,11.0,28.0,한진칼
1800,오리온홀딩스,하나금융투자,심은주,-0.046435264,2016.0,1.0,13.0,오리온
2270,롯데푸드,하나금융투자,심은주,0.0092647364,2016.0,1.0,13.0,롯데푸드
4370,농심,하나금융투자,심은주,0.0313647364,2016.0,1.0,13.0,농심
4370,농심,하나금융투자,심은주,0.0313647364,2016.0,1.0,13.0,농심
4990,롯데지주,하나금융투자,심은주,0.0258647364,2016.0,1.0,13.0,롯데제과
4990,롯데지주,하나금융투자,심은주,0.0258647364,2016.0,1.0,13.0,롯데제과
5180,빙그레,하나금융투자,심은주,0.0213647364,2016.0,1.0,13.0,빙그레
5300,롯데칠성,하나금융투자,심은주,-0.025035264,2016.0,1.0,13.0,롯데칠성
5440,현대그린푸드,하나금융투자,심은주,-0.002935264,2016.0,1.0,13.0,현대그린푸드
33780,KT&G,하나금융투자,심은주,-0.000635264,2016.0,1.0,13.0,KT&G
33780,KT&G,하나금융투자,심은주,-0.000635264,2016.0,1.0,13.0,KT&G
49430,코메론,하나금융투자,이정기,0.0425054667,2016.0,11.0,22.0,코메론
54620,APS홀딩스,하나금융투자,이원식,-0.045394533,2016.0,11.0,22.0,AP시스템
17670,SK텔레콤,한화투자증권,송재경,-0.036915865,2016.0,6.0,20.0,SK텔레콤
30200,KT,한화투자증권,송재경,-0.020715865,2016.0,6.0,20.0,KT
32640,LG유플러스,한화투자증권,송재경,0.0160841346,2016.0,6.0,20.0,LG유플러스
80,하이트진로,현대증권,박애란,-0.002794533,2016.0,11.0,22.0,하이트진로
1680,대상,현대증권,박애란,0.0045063467,2016.0,1.0,14.0,대상
1680,대상,현대증권,박애란,-0.043924442,2016.0,5.0,26.0,대상
1680,대상,현대증권,박애란,-0.068894533,2016.0,11.0,22.0,대상
2790,아모레G,현대증권,이달미,-0.012942087,2016.0,12.0,1.0,아모레G
4370,농심,현대증권,박애란,0.0446063467,2016.0,1.0,14.0,농심
4370,농심,현대증권,박애란,0.0446063467,2016.0,1.0,14.0,농심
4370,농심,현대증권,박애란,-0.038994533,2016.0,11.0,22.0,농심
4370,농심,현대증권,박애란,-0.038994533,2016.0,11.0,22.0,농심
4990,롯데지주,현대증권,박애란,-0.062224442,2016.0,5.0,26.0,롯데제과
5180,빙그레,현대증권,박애란,0.0287063467,2016.0,1.0,14.0,빙그레
5180,빙그레,현대증권,박애란,-0.056494533,2016.0,11.0,22.0,빙그레
5180,빙그레,현대증권,박애란,-0.056494533,2016.0,11.0,22.0,빙그레
5300,롯데칠성,현대증권,박애란,-0.043494533,2016.0,11.0,22.0,롯데칠성
5300,롯데칠성,현대증권,박애란,-0.043494533,2016.0,11.0,22.0,롯데칠성
5440,현대그린푸드,현대증권,박애란,-0.002624442,2016.0,5.0,26.0,현대그린푸드
5610,SPC삼립,현대증권,박애란,-0.046894533,2016.0,11.0,22.0,삼립식품
5740,크라운해태홀딩스,현대증권,박애란,-0.072793653,2016.0,1.0,14.0,크라운제과
5740,크라운해태홀딩스,현대증권,박애란,-0.072793653,2016.0,1.0,14.0,크라운제과
5740,크라운해태홀딩스,현대증권,박애란,-0.146624442,2016.0,5.0,26.0,크라운제과
5740,크라운해태홀딩스,현대증권,박애란,-0.146624442,2016.0,5.0,26.0,크라운제과
5990,매일홀딩스,현대증권,박애란,-0.028893653,2016.0,1.0,14.0,매일유업
7310,오뚜기,현대증권,박애란,0.0193063467,2016.0,1.0,14.0,오뚜기
7310,오뚜기,현대증권,박애란,-0.069994533,2016.0,11.0,22.0,오뚜기
12330,현대모비스,현대증권,채희근,0.0067919401,2016.0,12.0,5.0,현대모비스
25540,한국단자,현대증권,채희근,-0.018830789,2016.0,5.0,27.0,한국단자
33780,KT&G,현대증권,박애란,0.0613054667,2016.0,11.0,22.0,KT&G
33780,KT&G,현대증권,박애란,0.0613054667,2016.0,11.0,22.0,KT&G
49770,동원F&B,현대증권,박애란,-0.113094533,2016.0,11.0,22.0,동원F&B
51500,CJ프레시웨이,현대증권,박애란,-0.022594533,2016.0,11.0,22.0,CJ프레시웨이
52260,SK바이오랜드,현대증권,이달미,-0.012187913,2016.0,7.0,18.0,SK바이오랜드
60980,한라홀딩스,현대증권,채희근,-0.05680806,2016.0,12.0,5.0,한라홀딩스
69110,코스온,현대증권,이달미,0.0272579129,2016.0,12.0,1.0,코스온
78520,에이블씨엔씨,현대증권,이달미,-0.023142087,2016.0,12.0,1.0,에이블씨엔씨
90430,아모레퍼시픽,현대증권,이달미,-0.019042087,2016.0,12.0,1.0,아모레퍼시픽
97950,CJ제일제당,현대증권,박애란,-0.023094533,2016.0,11.0,22.0,CJ제일제당
123330,제닉,현대증권,이달미,0.0092579129,2016.0,12.0,1.0,제닉
161890,한국콜마,현대증권,이달미,0.0052579129,2016.0,12.0,1.0,한국콜마
204320,만도,현대증권,채희근,-0.08610806,2016.0,12.0,5.0,만도
4690,삼천리,KB증권,강성진,-0.033518192,2017.0,1.0,3.0,삼천리
4690,삼천리,KB증권,강성진,-0.033518192,2017.0,1.0,3.0,삼천리
5880,대한해운,KB증권,강성진,0.067856455,2017.0,1.0,13.0,대한해운
5880,대한해운,KB증권,강성진,-0.061804958,2017.0,4.0,11.0,대한해운
28670,팬오션,KB증권,강성진,0.025856455,2017.0,1.0,13.0,팬오션
52690,한전기술,KB증권,강성진,0.0270818084,2017.0,1.0,3.0,한전기술
84870,TBH글로벌,KB증권,이달미,0.019839044,2017.0,4.0,20.0,TBH글로벌
9240,한샘,SK증권,김세련,-0.000851383,2017.0,10.0,10.0,한샘
12750,에스원,SK증권,김세련,0.0144486166,2017.0,10.0,10.0,에스원
108670,LG하우시스,SK증권,김세련,-0.037951383,2017.0,10.0,10.0,LG하우시스
42670,두산인프라코어,대신증권,이지윤,-0.028400762,2017.0,11.0,20.0,두산인프라코어
214420,토니모리,대신증권,박은정,0.2436509019,2017.0,10.0,17.0,토니모리
60,메리츠화재,메리츠종금증권,김고은,0.0142360794,2017.0,1.0,18.0,메리츠화재
1450,현대해상,메리츠종금증권,김고은,0.0033360794,2017.0,1.0,18.0,현대해상
1450,현대해상,메리츠종금증권,김고은,-0.027841513,2017.0,10.0,16.0,현대해상
5830,DB손해보험,메리츠종금증권,김고은,0.0050360794,2017.0,1.0,18.0,동부화재
88350,한화생명,메리츠종금증권,김고은,-0.034541513,2017.0,10.0,16.0,한화생명
7070,GS리테일,삼성증권,남옥진,0.0189114601,2017.0,1.0,10.0,GS리테일
69960,현대백화점,삼성증권,남옥진,-0.07578854,2017.0,1.0,10.0,현대백화점
138250,엔에스쇼핑,삼성증권,남옥진,0.0083771663,2017.0,7.0,6.0,엔에스쇼핑
139480,이마트,삼성증권,남옥진,0.0052114601,2017.0,1.0,10.0,이마트
1040,CJ,신한금융투자,김수현,-0.005524144,2017.0,1.0,20.0,CJ
60,메리츠화재,유안타증권,정준섭,-0.035139407,2017.0,1.0,31.0,메리츠화재
1450,현대해상,유안타증권,정준섭,-0.044039407,2017.0,1.0,31.0,현대해상
5830,DB손해보험,유안타증권,정준섭,0.0110605933,2017.0,1.0,31.0,동부화재
1430,세아베스틸,유진투자증권,방민진,0.0023743207,2017.0,12.0,5.0,세아베스틸
1430,세아베스틸,유진투자증권,방민진,0.0023743207,2017.0,12.0,5.0,세아베스틸
34230,파라다이스,키움증권,조병희,-0.032529453,2017.0,6.0,14.0,파라다이스
180640,한진칼,키움증권,조병희,0.0101705466,2017.0,6.0,14.0,한진칼
1230,동국제강,하이투자증권,김윤상,0.0305499951,2017.0,11.0,21.0,동국제강
1230,동국제강,하이투자증권,김윤상,0.0305499951,2017.0,11.0,21.0,동국제강
4020,현대제철,하이투자증권,김윤상,0.0091499951,2017.0,11.0,21.0,현대제철
5490,POSCO,하이투자증권,김윤상,0.0298499951,2017.0,11.0,21.0,POSCO
10130,고려아연,하이투자증권,김윤상,-0.016950005,2017.0,11.0,21.0,고려아연
10130,고려아연,하이투자증권,김윤상,-0.016950005,2017.0,11.0,21.0,고려아연
2350,넥센타이어,한국투자증권,김진우,0.0002788787,2017.0,11.0,28.0,넥센타이어
18880,한온시스템,한국투자증권,김진우,0.0125788787,2017.0,11.0,28.0,한온시스템
73240,금호타이어,한국투자증권,김진우,0.0669788787,2017.0,11.0,28.0,금호타이어
4170,신세계,흥국증권,임영주,0.049570613,2017.0,1.0,17.0,신세계
8770,호텔신라,흥국증권,임영주,0.030270613,2017.0,1.0,17.0,호텔신라
28150,GS홈쇼핑,흥국증권,임영주,0.039870613,2017.0,1.0,17.0,GS홈쇼핑
35760,CJ ENM,흥국증권,임영주,-0.012129387,2017.0,1.0,17.0,CJ오쇼핑
57050,현대홈쇼핑,흥국증권,임영주,-0.006429387,2017.0,1.0,17.0,현대홈쇼핑
69960,현대백화점,흥국증권,임영주,0.036270613,2017.0,1.0,17.0,현대백화점
71840,롯데하이마트,흥국증권,임영주,-0.002029387,2017.0,1.0,17.0,롯데하이마트
4170,신세계,BNK투자증권,이승은,-0.023351557,2018.0,1.0,22.0,신세계
4170,신세계,BNK투자증권,이승은,-0.023351557,2018.0,1.0,22.0,신세계
23530,롯데쇼핑,BNK투자증권,이승은,-0.028551557,2018.0,1.0,22.0,롯데쇼핑
71840,롯데하이마트,BNK투자증권,이승은,0.0268484432,2018.0,1.0,22.0,롯데하이마트
139480,이마트,BNK투자증권,이승은,-0.012851557,2018.0,1.0,22.0,이마트
139480,이마트,BNK투자증권,이승은,-0.012851557,2018.0,1.0,22.0,이마트
37560,LG헬로비전,IBK투자증권,김장원,-0.004743677,2018.0,10.0,4.0,통신서비스
7070,GS리테일,대신증권,유정현,0.0563014497,2018.0,1.0,11.0,GS리테일
20000,한섬,대신증권,유정현,-0.010112511,2018.0,1.0,15.0,한섬
23530,롯데쇼핑,대신증권,유정현,0.0091014497,2018.0,1.0,11.0,롯데쇼핑
28150,GS홈쇼핑,대신증권,유정현,-0.01059855,2018.0,1.0,11.0,GS홈쇼핑
57050,현대홈쇼핑,대신증권,유정현,0.0063014497,2018.0,1.0,11.0,현대홈쇼핑
69960,현대백화점,대신증권,유정현,-0.02019855,2018.0,1.0,11.0,현대백화점
71840,롯데하이마트,대신증권,유정현,-0.00079855,2018.0,1.0,11.0,롯데하이마트
81660,휠라홀딩스,대신증권,유정현,-0.012212511,2018.0,1.0,15.0,휠라코리아
93050,LF,대신증권,유정현,-0.079512511,2018.0,1.0,15.0,LF
105630,한세실업,대신증권,유정현,-0.019912511,2018.0,1.0,15.0,한세실업
111770,영원무역,대신증권,유정현,-0.018412511,2018.0,1.0,15.0,영원무역
60,메리츠화재,메리츠종금증권,김고은,-0.019751557,2018.0,1.0,22.0,메리츠화재
810,삼성화재,메리츠종금증권,김고은,0.0067484432,2018.0,1.0,22.0,삼성화재
1450,현대해상,메리츠종금증권,김고은,-0.032451557,2018.0,1.0,22.0,현대해상
5940,NH투자증권,메리츠종금증권,김고은,0.0511484432,2018.0,1.0,22.0,NH투자증권
6800,미래에셋대우,메리츠종금증권,김고은,0.0841484432,2018.0,1.0,22.0,미래에셋대우
16360,삼성증권,메리츠종금증권,김고은,0.0521484432,2018.0,1.0,22.0,삼성증권
32830,삼성생명,메리츠종금증권,김고은,-0.004651557,2018.0,1.0,22.0,삼성생명
39490,키움증권,메리츠종금증권,김고은,0.1021484432,2018.0,1.0,22.0,키움증권
82640,동양생명,메리츠종금증권,김고은,0.0269484432,2018.0,1.0,22.0,동양생명
85620,미래에셋생명,메리츠종금증권,김고은,0.0115484432,2018.0,1.0,22.0,미래에셋생명
88350,한화생명,메리츠종금증권,김고은,-0.014351557,2018.0,1.0,22.0,한화생명
7070,GS리테일,삼성증권,남옥진,0.0145279909,2018.0,1.0,12.0,GS리테일
23530,롯데쇼핑,삼성증권,남옥진,0.0250279909,2018.0,1.0,12.0,롯데쇼핑
28150,GS홈쇼핑,삼성증권,남옥진,-0.000572009,2018.0,1.0,12.0,GS홈쇼핑
28150,GS홈쇼핑,삼성증권,남옥진,-0.000572009,2018.0,1.0,12.0,GS홈쇼핑
35760,CJ ENM,삼성증권,남옥진,0.0622279909,2018.0,1.0,12.0,CJ오쇼핑
35760,CJ ENM,삼성증권,남옥진,0.0247115821,2018.0,7.0,6.0,CJ오쇼핑
57050,현대홈쇼핑,삼성증권,남옥진,-0.008672009,2018.0,1.0,12.0,현대홈쇼핑
57050,현대홈쇼핑,삼성증권,남옥진,-0.008672009,2018.0,1.0,12.0,현대홈쇼핑
69960,현대백화점,삼성증권,남옥진,-0.035472009,2018.0,1.0,12.0,현대백화점
71840,롯데하이마트,삼성증권,남옥진,-0.008572009,2018.0,1.0,12.0,롯데하이마트
138250,엔에스쇼핑,삼성증권,남옥진,-0.026172009,2018.0,1.0,12.0,엔에스쇼핑
139480,이마트,삼성증권,남옥진,-0.078472009,2018.0,1.0,12.0,이마트
92040,아미코젠,신영증권,정규봉,0.0282753321,2018.0,3.0,29.0,아미코젠
60,메리츠화재,유안타증권,정준섭,-0.019751557,2018.0,1.0,22.0,메리츠화재
810,삼성화재,유안타증권,정준섭,0.0067484432,2018.0,1.0,22.0,삼성화재
1450,현대해상,유안타증권,정준섭,-0.032451557,2018.0,1.0,22.0,현대해상
32830,삼성생명,유안타증권,정준섭,-0.004651557,2018.0,1.0,22.0,삼성생명
82640,동양생명,유안타증권,정준섭,0.0269484432,2018.0,1.0,22.0,동양생명
85620,미래에셋생명,유안타증권,정준섭,0.0115484432,2018.0,1.0,22.0,미래에셋생명
88350,한화생명,유안타증권,정준섭,-0.014351557,2018.0,1.0,22.0,한화생명
270,기아차,유진투자증권,이재일,0.0141406442,2018.0,1.0,9.0,기아차
4170,신세계,유진투자증권,주영훈,-0.002564266,2018.0,1.0,25.0,신세계
18880,한온시스템,유진투자증권,이재일,-0.046159356,2018.0,1.0,9.0,한온시스템
204320,만도,유진투자증권,이재일,-0.089859356,2018.0,1.0,9.0,만도
12510,더존비즈온,이베스트투자증권,최석원,0.1062357338,2018.0,1.0,25.0,더존비즈온
12510,더존비즈온,이베스트투자증권,최석원,0.1062357338,2018.0,1.0,25.0,더존비즈온
60,메리츠화재,키움증권,김태현,0.0171842506,2018.0,8.0,13.0,메리츠화재
80,하이트진로,키움증권,박상준,-0.094613462,2018.0,1.0,16.0,하이트진로
80,하이트진로,키움증권,박상준,-0.066927936,2018.0,8.0,16.0,하이트진로
720,현대건설,키움증권,라진성,0.1704401535,2018.0,4.0,18.0,현대건설
1680,대상,키움증권,박상준,-0.077113462,2018.0,1.0,16.0,대상
1680,대상,키움증권,박상준,0.1198720639,2018.0,8.0,16.0,대상
82640,동양생명,키움증권,김태현,-0.027815749,2018.0,8.0,13.0,동양생명
97950,CJ제일제당,키움증권,박상준,-0.098313462,2018.0,1.0,16.0,CJ제일제당
5070,코스모신소재,하나금융투자,김두현,-0.017651557,2018.0,1.0,22.0,코스모신소재
22100,포스코 ICT,하나금융투자,김두현,-0.003651557,2018.0,1.0,22.0,포스코 ICT
67170,오텍,하나금융투자,김두현,0.0844484432,2018.0,1.0,22.0,오텍
95570,AJ네트웍스,하나금융투자,김두현,-0.025651557,2018.0,1.0,22.0,AJ네트웍스
99190,아이센스,하나금융투자,이정기,-0.011752434,2018.0,5.0,31.0,아이센스
119610,인터로조,하나금융투자,이정기,-0.028652434,2018.0,5.0,31.0,인터로조
214370,케어젠,하나금융투자,이정기,-0.047152434,2018.0,5.0,31.0,케어젠
80,하이트진로,하이투자증권,이경신,-0.006360677,2018.0,1.0,8.0,하이트진로
80,하이트진로,하이투자증권,이경신,-0.006360677,2018.0,1.0,8.0,하이트진로
1680,대상,하이투자증권,이경신,-0.044760677,2018.0,1.0,8.0,대상
1680,대상,하이투자증권,이경신,-0.044760677,2018.0,1.0,8.0,대상
2270,롯데푸드,하이투자증권,이경신,-0.026760677,2018.0,1.0,8.0,롯데푸드
4370,농심,하이투자증권,이경신,-0.043260677,2018.0,1.0,8.0,농심
4370,농심,하이투자증권,이경신,-0.043260677,2018.0,1.0,8.0,농심
5180,빙그레,하이투자증권,이경신,-0.001360677,2018.0,1.0,8.0,빙그레
5300,롯데칠성,하이투자증권,이경신,-0.001260677,2018.0,1.0,8.0,롯데칠성
5300,롯데칠성,하이투자증권,이경신,-0.001260677,2018.0,1.0,8.0,롯데칠성
5610,SPC삼립,하이투자증권,이경신,-0.066260677,2018.0,1.0,8.0,SPC삼립
7310,오뚜기,하이투자증권,이경신,-0.011860677,2018.0,1.0,8.0,오뚜기
33780,KT&G,하이투자증권,이경신,-0.061760677,2018.0,1.0,8.0,KT&G
51500,CJ프레시웨이,하이투자증권,이경신,-0.080260677,2018.0,1.0,8.0,CJ프레시웨이
97950,CJ제일제당,하이투자증권,이경신,0.0304393229,2018.0,1.0,8.0,CJ제일제당
35720,카카오,흥국증권,이경일,-0.029765978,2018.0,4.0,16.0,카카오
36570,엔씨소프트,흥국증권,이경일,0.0023357338,2018.0,1.0,25.0,엔씨소프트
63080,게임빌,흥국증권,이경일,0.0025357338,2018.0,1.0,25.0,게임빌
69080,웹젠,흥국증권,이경일,-0.003764266,2018.0,1.0,25.0,웹젠
78340,컴투스,흥국증권,이경일,-0.007264266,2018.0,1.0,25.0,컴투스
181710,NHN,흥국증권,이경일,0.0243357338,2018.0,1.0,25.0,NHN엔터테인먼트
51900,LG생활건강,KTB투자증권,김민정,-0.00854665,2011.0,9.0,5.0,LG생활건강
40420,정상제이엘에스,이트레이드증권,양지혜,-0.004858101,2011.0,5.0,16.0,정상JLS
51900,LG생활건강,KTB투자증권,김민정,-0.071545358,2012.0,2.0,13.0,LG생활건강
51900,LG생활건강,현대증권,이달미,0.0331579129,2016.0,12.0,1.0,LG생활건강
